Vendor,Vendor type,Contact,Address,Website,Reliability,Notes
TechSupply Inc,Manufacturer,contact@techsupply.com,123 Industrial Ave, Springfield, IL,www.techsupply.com,5 stars,Reliable electronics supplier, fast shipping
Global Textiles,Supplier,textiles@global.com,456 Fabric St, New York, NY,www.globaltextiles.com,4 stars,Good quality clothing materials, occasional delays
HomeGoods Wholesale,Distributor,orders@homegoods.com,789 Retail Blvd, Chicago, IL,www.homegoods.com,5 stars,Excellent variety of home products
SportEquip Ltd,Manufacturer,sports@sportequip.com,321 Athletic Dr, Boston, MA,www.sportequip.com,4 stars,High-quality fitness equipment
BookWorld Publishers,Publisher,info@bookworld.com,654 Literature Ln, San Francisco, CA,www.bookworld.com,5 stars,Timely deliveries of book orders
ElectroMart,Supplier,electro@electromart.com,987 Tech Park, Austin, TX,www.electromart.com,3 stars,Competitive prices but inconsistent quality
Fashion Forward,Manufacturer,fashion@forward.com,147 Style Ave, Los Angeles, CA,www.fashionforward.com,4 stars,Trendy clothing items, good customer service
Garden Essentials,Supplier,garden@gardens.com,258 Plant Rd, Portland, OR,www.gardenessentials.com,5 stars,Organic gardening supplies
FitLife Products,Manufacturer,fitlife@fitlife.com,369 Wellness Way, Denver, CO,www.fitlifeproducts.com,4 stars,Durable fitness accessories
Literary Press,Publisher,press@literary.com,741 Book St, Seattle, WA,www.literarypress.com,5 stars,Specializes in niche genres
GadgetHub,Distributor,gadgets@gadgethub.com,852 Innovation Dr, Silicon Valley, CA,www.gadgethub.com,3 stars,Wide range but high return rates
Apparel Source,Supplier,apparel@source.com,963 Textile Blvd, Atlanta, GA,www.apparelsource.com,4 stars,Bulk clothing orders, flexible terms
Home Decor Plus,Manufacturer,decor@homeplus.com,159 Design St, Miami, FL,www.homedecorplus.com,5 stars,Unique home decoration items
ActiveWear Co,Manufacturer,active@activewear.com,357 Sport Ave, Phoenix, AZ,www.activewearco.com,4 stars,Performance athletic wear
BookNook Distributors,Distributor,books@booknook.com,468 Reading Rd, Philadelphia, PA,www.booknookdist.com,5 stars,Comprehensive book catalog
ElectroSupply,Supplier,supply@electro.com,579 Power Ln, Dallas, TX,www.electrosupply.com,3 stars,Good for basic electronics
StyleMasters,Manufacturer,style@masters.com,681 Fashion Blvd, Nashville, TN,www.stylemasters.com,4 stars,Designer clothing line
GreenThumb Supplies,Supplier,green@thumb.com,792 Garden Way, Orlando, FL,www.greenthumbsupplies.com,5 stars,Eco-friendly gardening products
ProFitness Gear,Manufacturer,pro@fitness.com,813 Muscle St, Salt Lake City, UT,www.profitnessgear.com,4 stars,Professional grade equipment
PageTurner Books,Publisher,turner@pageturner.com,924 Story Ave, Baltimore, MD,www.pageturnerbooks.com,5 stars,Focus on contemporary fiction
TechInnovate,Distributor,innovate@tech.com,135 Future Dr, Raleigh, NC,www.techinnovate.com,3 stars,Cutting-edge gadgets, premium pricing
Textile Traders,Supplier,traders@textile.com,246 Cloth Rd, Charlotte, NC,www.textiletraders.com,4 stars,International fabric sourcing
DecorMasters,Manufacturer,masters@decor.com,357 Art St, Las Vegas, NV,www.decormasters.com,5 stars,Artisan home decor
Endurance Sports,Manufacturer,endurance@sports.com,468 Stamina Ln, Pittsburgh, PA,www.endurancesports.com,4 stars,Endurance training products